sid,search,"splunk_server","_time","is_realtime","event_count","exec_time","result_count","scan_count",status,"total_run_time","savedsearch_name","api_et","search_et","__mv_sid","__mv_search","__mv_splunk_server","__mv__time","__mv_is_realtime","__mv_event_count","__mv_exec_time","__mv_result_count","__mv_scan_count","__mv_status","__mv_total_run_time","__mv_savedsearch_name","__mv_api_et","__mv_search_et"
"rt_1473393383.16","| metadata type=sourcetypes | search totalCount > 0",testingserver,"1473393383.487272",1,0,1473393383,0,0,canceled,"12.095000",,,,,,,,,,,,,,,,,
"1473393394.19","search index=main",testingserver,"1473393394.934927",0,0,1473393395,0,0,completed,"0.169000",,,,,,,,,,,,,,,,,
"rt_1473408217.32","| metadata type=sourcetypes | search totalCount > 0",testingserver,"1473408217.983744",1,0,1473408218,0,0,canceled,"41.094000",,,,,,,,,,,,,,,,,
"rt_1473722772.3","| metadata type=sourcetypes | search totalCount > 0",testingserver,"1473722772.348857",1,0,1473722772,0,0,canceled,"15.097000",,,,,,,,,,,,,,,,,
"1473722786.10","search index=""_internal""",testingserver,"1473722786.820848",0,57919,1473722786,3888,57919,completed,"2.735000",,,,,,,,,,,,,,,,,
"1473722819.12","search index=""_internal"" GET",testingserver,"1473722819.880970",0,2252,1473722819,2252,2252,completed,"0.565000",,,,,,,,,,,,,,,,,
"1473722866.14","search index=""_internal"" GET 404",testingserver,"1473722866.529116",0,59,1473722866,59,59,completed,"0.151000",,,,,,,,,,,,,,,,,
"1473722905.15","search index=""_internal"" GET | stats status",testingserver,"1473722905.973934",0,0,1473722906,0,0,failed,"0.043000",,,,,,,,,,,,,,,,,
"1473722916.16","search index=""_internal"" GET | stats ocunt by status",testingserver,"1473722916.866931",0,0,1473722916,0,0,failed,"0.043000",,,,,,,,,,,,,,,,,
"1473722922.17","search index=""_internal"" GET | stats count by status",testingserver,"1473722922.736314",0,2317,1473722922,7,2317,completed,"0.240000",,,,,,,,,,,,,,,,,
"admin__admin__search__search1_1473722971.18","search index=""_internal"" GET | stats count by status",testingserver,"1473722971.872001",0,2375,1473722971,7,2375,completed,"0.159000",search1,,,,,,,,,,,,,,,,
"rt_1473723662.19","| metadata type=sourcetypes | search totalCount > 0",testingserver,"1473723662.982888",1,0,1473723663,0,0,canceled,"38.061000",,,,,,,,,,,,,,,,,
"admin__admin__search__search1_1473723671.20","search index=""_internal"" GET | stats count by status",testingserver,"1473723671.178556",0,2509,1473723671,7,2509,completed,"0.162000",search1,,,,,,,,,,,,,,,,
"1473723676.21","search index=""_internal"" GET  status=200",testingserver,"1473723676.491133",0,2277,1473723676,1556,2281,completed,"0.436000",,"1471516377.000000000","1471516377.000000000",,,,,,,,,,,,,,
"admin__admin__search__search1_1473723732.22","search index=""_internal"" GET | stats count by status",testingserver,"1473723732.191492",0,2593,1473723732,7,2593,completed,"0.146000",search1,,,,,,,,,,,,,,,,
"1473723760.23","search index=""_internal"" | stats count by method,status",testingserver,"1473723760.199653",0,60519,1473723760,13,60519,completed,"0.744000",,,,,,,,,,,,,,,,,
"1473723786.24","search index=""_internal"" | stats count by status,method",testingserver,"1473723786.557096",0,60623,1473723786,13,60623,completed,"0.754000",,,,,,,,,,,,,,,,,
"1473723831.25","search index=""_internal"" | stats count by method,status",testingserver,"1473723831.873358",0,60817,1473723831,13,60817,completed,"0.686000",,,,,,,,,,,,,,,,,
"admin__admin__search__search1_1473723953.26","search index=""_internal"" GET | stats count by status",testingserver,"1473723953.858174",0,2750,1473723953,7,2750,completed,"0.212000",search1,,,,,,,,,,,,,,,,
"admin__admin__search__search2_1473723953.27","search index=""_internal"" | stats count by method,status",testingserver,"1473723953.866982",0,61088,1473723953,13,61088,completed,"0.641000",search2,,,,,,,,,,,,,,,,
"admin__admin__search__search1_1473727636.3","search index=""_internal"" GET | stats count by status",testingserver,"1473727636.740535",0,3013,1473727636,8,3013,completed,"0.480000",search1,,,,,,,,,,,,,,,,
"admin__admin__search__search2_1473727636.4","search index=""_internal"" | stats count by method,status",testingserver,"1473727636.744551",0,70549,1473727636,14,70549,completed,"0.801000",search2,,,,,,,,,,,,,,,,
"admin__admin__search__search1_1473744078.22","search index=""_internal"" GET | stats count by status",testingserver,"1473744078.738438",0,3240,1473744078,8,3240,completed,"0.297000",search1,,,,,,,,,,,,,,,,
"admin__admin__search__search2_1473744078.23","search index=""_internal"" | stats count by method,status",testingserver,"1473744078.742608",0,96544,1473744078,14,96544,completed,"0.855000",search2,,,,,,,,,,,,,,,,
"1473744104.24","search index=""_internal""  method=GET",testingserver,"1473744104.020399",0,3284,1473744104,3284,3314,completed,"0.418000",,,,,,,,,,,,,,,,,
"1473744114.25","search index=""_internal""  method=*",testingserver,"1473744114.334032",0,3577,1473744114,3577,96750,completed,"1.436000",,,,,,,,,,,,,,,,,
"1473744152.27","search index=""_internal""  method=* source=""/opt/splunk/var/log/splunk/web_access.log""",testingserver,"1473744152.976908",0,437,1473744153,437,437,completed,"0.136000",,,,,,,,,,,,,,,,,
"1473744186.29","search index=""_internal""  method=* sourcetype=splunk_web_access",testingserver,"1473744186.297720",0,437,1473744186,437,437,completed,"0.152000",,,,,,,,,,,,,,,,,
"1473744259.30","search index=""_internal""  method=*",testingserver,"1473744259.991138",0,3642,1473744260,3642,97153,completed,"1.435000",,,,,,,,,,,,,,,,,
"1473744265.31","search index=""_internal""",testingserver,"1473744265.287139",0,97171,1473744265,20471,97171,completed,"1.491000",,,,,,,,,,,,,,,,,
"1473744351.34","search index=""_audit""",testingserver,"1473744351.365698",0,15536,1473744351,1677,15536,completed,"0.543000",,,,,,,,,,,,,,,,,
"1473744422.35","search index=""_introspection""",testingserver,"1473744422.726074",0,29008,1473744422,8492,29008,completed,"1.436000",,,,,,,,,,,,,,,,,
"1473744483.38","search index=""_introspection""component=*",testingserver,"1473744483.733699",0,29048,1473744483,8637,29048,completed,"1.306000",,,,,,,,,,,,,,,,,
"1473744501.39","search index=""_introspection"" | chart count by component",testingserver,"1473744501.024384",0,29063,1473744501,11,29063,completed,"0.616000",,,,,,,,,,,,,,,,,
"1473744526.40","search index=""_introspection"" | chart count by component",testingserver,"1473744526.285737",0,29076,1473744526,11,29076,completed,"2.383000",,,,,,,,,,,,,,,,,
"1473744545.41","search index=""_introspection"" | chart count by component,log_level",testingserver,"1473744545.206928",0,29091,1473744545,11,29091,completed,"2.340000",,,,,,,,,,,,,,,,,
"1473744581.42","search index=""_introspection"" | chart count by log_level",testingserver,"1473744581.425627",0,29118,1473744581,1,29118,completed,"2.245000",,,,,,,,,,,,,,,,,
"1473744663.43","search index=""internal""",testingserver,"1473744663.531331",0,0,1473744663,0,0,completed,"0.087000",,,,,,,,,,,,,,,,,
"1473744667.44","search index=""_internal""",testingserver,"1473744667.757169",0,98392,1473744667,28509,98392,completed,"6.565000",,,,,,,,,,,,,,,,,
"1473744735.45","search index=""_internal"" | chart sum(count) by log_level",testingserver,"1473744735.278577",0,98627,1473744735,4,98627,completed,"4.437000",,,,,,,,,,,,,,,,,
"1473744750.46","search index=""_internal""  log_level=ERROR",testingserver,"1473744750.609170",0,13,1473744750,13,64,completed,"0.330000",,,,,,,,,,,,,,,,,
"1473744796.47","search index=""_internal"" | stats count by method,messages",testingserver,"1473744796.573493",0,98806,1473744796,0,98806,completed,"3.992000",,,,,,,,,,,,,,,,,
"1473744806.48","search index=""_internal"" | stats count by messages",testingserver,"1473744806.512254",0,98883,1473744806,0,98883,completed,"4.017000",,,,,,,,,,,,,,,,,
"1473744815.49","search index=""_internal"" | stats count by method",testingserver,"1473744815.856700",0,98899,1473744815,4,98899,completed,"4.393000",,,,,,,,,,,,,,,,,
"1473744827.50","search index=""_internal""  method=HEAD",testingserver,"1473744827.594768",0,18,1473744827,18,18,completed,"0.245000",,,,,,,,,,,,,,,,,
"1473745429.53","search index=""_internal"" | chart  sum(count) by hosts,user",testingserver,"1473745429.958767",0,100408,1473745430,0,100408,completed,"4.443000",,,,,,,,,,,,,,,,,
"1473745437.54","search index=""_internal"" | chart  sum(count) by host,user",testingserver,"1473745437.535224",0,100428,1473745437,1,100428,completed,"4.475000",,,,,,,,,,,,,,,,,
"admin__admin__search__search2_1473745641.55","search index=""_internal"" | stats count by method,status",testingserver,"1473745641.455429",0,100972,1473745641,14,100972,completed,"1.584000",search2,,,,,,,,,,,,,,,,
"admin__admin__search__search3_1473745641.56","search index=""_internal"" | chart  sum(count) by host,user",testingserver,"1473745641.457499",0,100972,1473745641,1,100972,completed,"1.661000",search3,,,,,,,,,,,,,,,,
"admin__admin__search__search1_1473745641.57","search index=""_internal"" GET | stats count by status",testingserver,"1473745641.513688",0,3889,1473745641,8,3889,completed,"0.697000",search1,,,,,,,,,,,,,,,,
"admin__admin__search__search1_1473745648.58","search index=""_internal"" GET | stats count by status",testingserver,"1473745648.670558",0,3939,1473745648,8,3939,completed,"0.444000",search1,,,,,,,,,,,,,,,,
"admin__admin__search__search2_1473745648.59","search index=""_internal"" | stats count by method,status",testingserver,"1473745648.674655",0,101031,1473745648,14,101031,completed,"1.453000",search2,,,,,,,,,,,,,,,,
"admin__admin__search__search3_1473745648.60","search index=""_internal"" | chart  sum(count) by host,user",testingserver,"1473745648.686697",0,101031,1473745648,1,101031,completed,"1.682000",search3,,,,,,,,,,,,,,,,
"admin__admin__search__search3_1473758841.6","search index=""_internal"" | chart  sum(count) by host,user",testingserver,"1473758841.158112",0,111100,1473758841,1,111100,completed,"1.616000",search3,,,,,,,,,,,,,,,,
"admin__admin__search__search1_1473758841.7","search index=""_internal"" GET | stats count by status",testingserver,"1473758841.193920",0,4052,1473758841,8,4052,completed,"1.379000",search1,,,,,,,,,,,,,,,,
"admin__admin__search__search2_1473758841.8","search index=""_internal"" | stats count by method,status",testingserver,"1473758841.205330",0,111100,1473758841,14,111100,completed,"1.463000",search2,,,,,,,,,,,,,,,,
"admin__admin__search__search2_1473842973.40","search index=""_internal"" | stats count by method,status",testingserver,"1473842973.731395",0,166503,1473842973,14,166503,completed,"2.202000",search2,,,,,,,,,,,,,,,,
"admin__admin__search__search1_1473842973.41","search index=""_internal"" GET | stats count by status",testingserver,"1473842973.800598",0,4237,1473842973,8,4237,completed,"2.037000",search1,,,,,,,,,,,,,,,,
"admin__admin__search__search3_1473842973.42","search index=""_internal"" | chart  sum(count) by host,user",testingserver,"1473842973.819420",0,166503,1473842973,1,166503,completed,"2.309000",search3,,,,,,,,,,,,,,,,
"rt_1473843170.43","| metadata type=sourcetypes | search totalCount > 0",testingserver,"1473843170.608336",1,0,1473843170,0,0,canceled,"35.075000",,,,,,,,,,,,,,,,,
"1473843185.44","| search (index=* OR index=_*) (index=_internal source=*scheduler.log* OR source=*metrics.log* OR source=*splunkd.log* OR source=*license_usage.log* OR source=*splunkd_access.log*)  | search (source=*scheduler.log*) | search (alert_actions=* NOT alert_actions=summary_index) | rename alert_actions AS server.alert_actions app AS server.app result_count AS server.result_count run_time AS server.run_time savedsearch_name AS server.savedsearch_name sid AS server.sid status AS server.status user AS server.user message AS server.message total_run_time AS server.total_run_time h AS server.h idx AS server.idx pool AS server.pool s AS server.s st AS server.st warnct AS server.warnct winsz AS server.winsz stack AS server.stack cpu_seconds AS server.cpu_seconds executes AS server.executes name AS server.name processor AS server.processor current_size_kb AS server.current_size_kb active_hist_searches AS server.active_hist_searches active_realtime_searches AS server.active_realtime_searches kb AS server.kb load_average AS server.load_average clientip AS server.clientip method AS server.method spent AS server.spent uri_path AS server.uri_path uri_query AS server.uri_query | fields server.alert_actions, server.app, server.result_count, server.run_time, server.savedsearch_name, server.sid, server.status, server.user, server.message, server.total_run_time, server.h, server.idx, server.pool, server.s, server.st, server.warnct, server.winsz, server.stack, server.cpu_seconds, server.executes, server.name, server.processor, server.current_size_kb, server.active_hist_searches, server.active_realtime_searches, server.kb, server.load_average, server.clientip, server.method, server.spent, server.uri_path, server.uri_query, _time, host, source, sourcetype, alerts | tscollect | stats count",testingserver,"1473843185.066472",0,36,1473843185,1,160020,completed,"2.143000",,,,,,,,,,,,,,,,,
"1473843185.46","| tstats count AS ""Count of Alerts""  from sid=1473843185.44 prestats=true | stats dedup_splitvals=t count AS ""Count of Alerts""  | fillnull ""Count of Alerts"" | fields , ""Count of Alerts""",testingserver,"1473843185.366042",0,0,1473843185,1,0,canceled,"0.066000",,,,,,,,,,,,,,,,,
"1473843193.52","search (index=* OR index=_*) (index=_internal source=*scheduler.log* OR source=*metrics.log* OR source=*splunkd.log* OR source=*license_usage.log* OR source=*splunkd_access.log*)  | search (source=*scheduler.log*) | search (alert_actions=* NOT alert_actions=summary_index) | rename alert_actions AS server.alert_actions app AS server.app result_count AS server.result_count run_time AS server.run_time savedsearch_name AS server.savedsearch_name sid AS server.sid status AS server.status user AS server.user message AS server.message total_run_time AS server.total_run_time h AS server.h idx AS server.idx pool AS server.pool s AS server.s st AS server.st warnct AS server.warnct winsz AS server.winsz stack AS server.stack cpu_seconds AS server.cpu_seconds executes AS server.executes name AS server.name processor AS server.processor current_size_kb AS server.current_size_kb active_hist_searches AS server.active_hist_searches active_realtime_searches AS server.active_realtime_searches kb AS server.kb load_average AS server.load_average clientip AS server.clientip method AS server.method spent AS server.spent uri_path AS server.uri_path uri_query AS server.uri_query ",testingserver,"1473843193.247885",0,36,1473843193,36,160039,completed,"5.807000",,,,,,,,,,,,,,,,,
"rt_1473843208.53","| metadata type=sourcetypes | search totalCount > 0",testingserver,"1473843208.501115",1,0,1473843208,0,0,canceled,"35.062000",,,,,,,,,,,,,,,,,
"rt_1473843213.54","| metadata type=sourcetypes | search totalCount > 0",testingserver,"1473843213.859086",1,0,1473843213,0,0,canceled,"38.052000",,,,,,,,,,,,,,,,,
"rt_1473844399.57","| metadata type=sourcetypes | search totalCount > 0",testingserver,"1473844399.016092",1,0,1473844399,0,0,canceled,"12.046000",,,,,,,,,,,,,,,,,
"1473844411.58","search index=""_internal"" GET | stats count by status",testingserver,"1473844411.154019",0,4871,1473844411,8,4871,completed,"0.874000",,,,,,,,,,,,,,,,,
"1473844419.59","search index=""_internal"" | stats count by status",testingserver,"1473844419.106948",0,170409,1473844419,10,170409,completed,"9.969000",,,,,,,,,,,,,,,,,
"1473844510.60","search index=""_internal""  status=success | stats  count by status",testingserver,"1473844510.625799",0,51,1473844510,1,62,completed,"0.326000",,,,,,,,,,,,,,,,,
"1473844516.61","search index=""_internal""  status=success  status=success",testingserver,"1473844516.677981",0,51,1473844516,51,74,completed,"0.157000",,,,,,,,,,,,,,,,,
"1473844542.62","search index=""_internal""  status=success",testingserver,"1473844542.868305",0,51,1473844542,51,94,completed,"0.272000",,,,,,,,,,,,,,,,,
"1473844565.63","search index=""_internal"" | stats count by status",testingserver,"1473844565.629602",0,170782,1473844565,10,170782,completed,"6.949000",,,,,,,,,,,,,,,,,
"1473844578.64","search index=""_internal""  status=success",testingserver,"1473844578.087847",0,51,1473844578,51,107,completed,"0.228000",,,,,,,,,,,,,,,,,
"1473844625.66","search index=""_internal""  status=200",testingserver,"1473844625.905945",0,5070,1473844625,5070,5101,completed,"1.008000",,,,,,,,,,,,,,,,,
"1473844653.68","search index=""_internal""  status=200 sourcetype=splunkd_access",testingserver,"1473844653.996672",0,1447,1473844654,1447,1461,completed,"0.433000",,,,,,,,,,,,,,,,,
"1473844666.69","search index=""_internal"" sourcetype=splunkd_access | stats count by status",testingserver,"1473844666.286200",0,1528,1473844666,4,1528,completed,"0.364000",,,,,,,,,,,,,,,,,
"admin__admin__search__search1_1473844732.70","search index=""_internal"" sourcetype=splunkd_access | stats count by status",testingserver,"1473844732.681998",0,1528,1473844732,4,1528,completed,"0.141000",search1,,,,,,,,,,,,,,,,
"rt_1473844741.71","| metadata type=sourcetypes | search totalCount > 0",testingserver,"1473844741.085393",1,0,1473844741,0,0,canceled,"404.708000",,,,,,,,,,,,,,,,,
"admin__admin__search__search1_1473845116.72","search index=""_internal"" sourcetype=splunkd_access | stats count by status",testingserver,"1473845116.755369",0,1549,1473845116,4,1549,completed,"0.307000",search1,,,,,,,,,,,,,,,,
"1473845137.73","search index=""_internal"" | stats count by method,status",testingserver,"1473845137.439909",0,172630,1473845137,14,172630,completed,"1.654000",,,,,,,,,,,,,,,,,
"1473845203.74","search index=""_internal"" | stats count by method",testingserver,"1473845203.144848",0,172822,1473845203,4,172822,completed,"1.531000",,,,,,,,,,,,,,,,,
"1473845269.75","search index=""_internal"" | chart count(status) by method",testingserver,"1473845269.625320",0,172997,1473845269,4,172997,completed,"1.499000",,,,,,,,,,,,,,,,,
"1473845289.76","search index=""_internal"" | chart count(status) by method,status",testingserver,"1473845289.525422",0,173088,1473845289,4,173088,completed,"1.797000",,,,,,,,,,,,,,,,,
"admin__admin__search__search2_1473845389.77","search index=""_internal"" | chart count(status) by method,status",testingserver,"1473845389.524847",0,173347,1473845389,4,173347,completed,"1.520000",search2,,,,,,,,,,,,,,,,
"admin__admin__search__search1_1473845389.78","search index=""_internal"" sourcetype=splunkd_access | stats count by status",testingserver,"1473845389.526783",0,1572,1473845389,4,1572,completed,"0.223000",search1,,,,,,,,,,,,,,,,
"rt_1473845398.79","| metadata type=sourcetypes | search totalCount > 0",testingserver,"1473845398.959019",1,0,1473845399,0,0,canceled,"424.750000",,,,,,,,,,,,,,,,,
"admin__admin__search__search1_1473845795.82","search index=""_internal"" sourcetype=splunkd_access | stats count by status",testingserver,"1473845795.838761",0,1596,1473845795,4,1596,completed,"0.299000",search1,,,,,,,,,,,,,,,,
"admin__admin__search__search2_1473845795.83","search index=""_internal"" | chart count(status) by method,status",testingserver,"1473845795.852746",0,174570,1473845795,4,174570,completed,"1.581000",search2,,,,,,,,,,,,,,,,
"1473845825.84","search index=""_internal"" | chart  sum(count) by host,user",testingserver,"1473845825.321905",0,174739,1473845825,1,174739,completed,"1.725000",,,,,,,,,,,,,,,,,
"1473845842.85","search index=""_internal"" | chart  sum(count) by host,user,status",testingserver,"1473845842.670027",0,0,1473845842,0,0,failed,"0.074000",,,,,,,,,,,,,,,,,
"1473845846.86","search index=""_internal"" | chart  sum(count) by host,user",testingserver,"1473845846.144735",0,174852,1473845846,1,174852,completed,"1.841000",,,,,,,,,,,,,,,,,
"1473845869.88","search index=""_internal""  host=testingserver",testingserver,"1473845869.608215",0,174876,1473845869,25265,174876,completed,"2.389000",,,,,,,,,,,,,,,,,
"1473845903.89","search index=""_internal"" | chart  sum(count) by host,user",testingserver,"1473845903.684911",0,174996,1473845903,1,174996,completed,"10.543000",,,,,,,,,,,,,,,,,
"1473845951.90","search index=""_internal"" log_level=WARN| chart  sum(count) by host,user",testingserver,"1473845951.434968",0,117,1473845951,0,129,completed,"0.342000",,,,,,,,,,,,,,,,,
"1473845969.91","search index=""_internal"" log_level=ERROR",testingserver,"1473845969.885547",0,15,1473845969,15,115,completed,"0.201000",,,,,,,,,,,,,,,,,
"1473846012.92","search index=""_internal"" log_level=ERROR | stats count by action",testingserver,"1473846012.295421",0,15,1473846012,1,147,completed,"0.218000",,,,,,,,,,,,,,,,,
"1473846060.93","search index=""_internal"" log_level=ERROR reason=*| stats count by action",testingserver,"1473846060.133110",0,6,1473846060,1,174,completed,"0.245000",,,,,,,,,,,,,,,,,
"1473846080.94","search index=""_internal"" log_level=ERROR reason=*",testingserver,"1473846080.684097",0,6,1473846080,6,194,completed,"0.227000",,,,,,,,,,,,,,,,,
"1473846113.96","search index=""_internal"" (log_level=ERROR or log_level=WARN) reason=*",testingserver,"1473846113.591314",0,0,1473846113,0,49,completed,"0.184000",,,,,,,,,,,,,,,,,
"1473846127.97","search index=""_internal"" (log_level=ERROR OR log_level=WARN) reason=*",testingserver,"1473846127.529861",0,6,1473846127,6,382,completed,"0.256000",,,,,,,,,,,,,,,,,
"1473846146.98","search index=""_internal"" (log_level=ERROR OR log_level=WARN)",testingserver,"1473846146.053119",0,132,1473846146,132,397,completed,"0.294000",,,,,,,,,,,,,,,,,
"1473846192.99","search index=""_internal"" (log_level=ERROR OR log_level=WARN) | stats count by message",testingserver,"1473846192.431138",0,132,1473846192,53,423,completed,"0.252000",,,,,,,,,,,,,,,,,
"1473846219.100","search index=""_internal"" (log_level=ERROR OR log_level=WARN) | Top 10",testingserver,"1473846219.330209",0,0,1473846219,0,0,failed,"0.071000",,,,,,,,,,,,,,,,,
"1473846222.101","search index=""_internal"" (log_level=ERROR OR log_level=WARN) | Top",testingserver,"1473846222.369098",0,0,1473846222,0,0,failed,"0.102000",,,,,,,,,,,,,,,,,
"1473846233.102","search index=""_internal"" (log_level=ERROR OR log_level=WARN)",testingserver,"1473846233.932108",0,132,1473846234,132,471,completed,"0.296000",,,,,,,,,,,,,,,,,
"1473846246.103","search index=""_internal"" (log_level=ERROR OR log_level=WARN)|top messages",testingserver,"1473846246.037497",0,136,1473846246,0,495,completed,"0.283000",,,,,,,,,,,,,,,,,
"1473846255.104","search index=""_internal"" (log_level=ERROR OR log_level=WARN)",testingserver,"1473846255.366819",0,148,1473846255,148,520,completed,"0.255000",,,,,,,,,,,,,,,,,
"1473846285.105","search index=""_internal"" (log_level=ERROR OR log_level=WARN) | table sourcetype message, log_level",testingserver,"1473846285.772106",0,148,1473846285,148,556,completed,"0.268000",,,,,,,,,,,,,,,,,
"1473846330.106","search index=""_internal"" (log_level=ERROR OR log_level=WARN) | table sourcetype message log_level | stats count by services",testingserver,"1473846330.395088",0,148,1473846330,0,588,completed,"0.252000",,,,,,,,,,,,,,,,,
"1473846344.108","search index=""_internal"" (log_level=ERROR OR log_level=WARN) | table sourcetype message log_level",testingserver,"1473846344.903475",0,148,1473846344,148,601,completed,"0.254000",,,,,,,,,,,,,,,,,
"1473846358.109","search index=""_internal"" (log_level=ERROR OR log_level=WARN) | table sourcetype message log_level | stats count by source_tyoe",testingserver,"1473846358.103958",0,148,1473846358,0,620,completed,"0.257000",,,,,,,,,,,,,,,,,
"1473846364.110","search index=""_internal"" (log_level=ERROR OR log_level=WARN) | table sourcetype message log_level | stats count by sourcetype,message",testingserver,"1473846364.553407",0,148,1473846364,54,634,completed,"0.256000",,,,,,,,,,,,,,,,,
"1473846383.111","search index=""_internal"" (log_level=ERROR OR log_level=WARN) | table sourcetype message log_level | stats count by sourcetype,message | top count",testingserver,"1473846383.391439",0,0,1473846383,0,0,failed,"0.068000",,,,,,,,,,,,,,,,,
"1473846395.112","search index=""_internal"" (log_level=ERROR OR log_level=WARN) | table sourcetype message log_level | stats count by sourcetype,message | top",testingserver,"1473846395.328887",0,0,1473846395,0,0,failed,"0.087000",,,,,,,,,,,,,,,,,
"1473846398.113","search index=""_internal"" (log_level=ERROR OR log_level=WARN) | table sourcetype message log_level | stats count by sourcetype,message",testingserver,"1473846398.888109",0,160,1473846398,56,681,completed,"0.276000",,,,,,,,,,,,,,,,,
"1473846414.114","search index=""_internal"" (log_level=ERROR OR log_level=WARN) | table sourcetype message log_level | stats count by sourcetype,message | sort +count",testingserver,"1473846414.871083",0,160,1473846414,56,698,completed,"0.277000",,,,,,,,,,,,,,,,,
"1473846420.115","search index=""_internal"" (log_level=ERROR OR log_level=WARN) | table sourcetype message log_level | stats count by sourcetype,message | sort -count",testingserver,"1473846420.126669",0,160,1473846420,56,711,completed,"0.280000",,,,,,,,,,,,,,,,,
"1473846447.116","search index=""_internal"" (log_level=ERROR OR log_level=WARN)  message=""recurseSyntax: Stanza entry not found for data-type 'N'"" | table sourcetype message log_level ",testingserver,"1473846447.475164",0,26,1473846447,26,26,completed,"0.107000",,,,,,,,,,,,,,,,,
"1473846516.117","search index=""_internal"" (log_level=ERROR OR log_level=WARN) | table sourcetype message log_level | stats count(message) by sourcetype | sort -count",testingserver,"1473846516.283303",0,160,1473846516,2,793,completed,"0.278000",,,,,,,,,,,,,,,,,
"1473846524.118","search index=""_internal"" (log_level=ERROR OR log_level=WARN) | table sourcetype message log_level | stats count(message) by sourcetype,message | sort -count",testingserver,"1473846524.300649",0,160,1473846524,56,803,completed,"0.292000",,,,,,,,,,,,,,,,,
"1473846530.119","search index=""_internal"" (log_level=ERROR OR log_level=WARN) | table sourcetype message log_level | stats count(message) by sourcetype,log_level | sort -count",testingserver,"1473846530.698355",0,160,1473846530,3,815,completed,"0.296000",,,,,,,,,,,,,,,,,
"1473846575.120","search index=""_internal"" (log_level=ERROR OR log_level=WARN) | table sourcetype message log_level |chart count by message",testingserver,"1473846575.070939",0,160,1473846575,56,843,completed,"0.306000",,,,,,,,,,,,,,,,,
"1473846599.121","search index=""_internal"" (log_level=ERROR OR log_level=WARN) | table sourcetype message log_level |chart count by sourcetype,message",testingserver,"1473846599.492204",0,160,1473846599,2,859,completed,"0.348000",,,,,,,,,,,,,,,,,
"admin__admin__search__search1_1473846638.122","search index=""_internal"" sourcetype=splunkd_access | stats count by status",testingserver,"1473846638.979225",0,1621,1473846639,4,1621,completed,"0.416000",search1,,,,,,,,,,,,,,,,
"admin__admin__search__search2_1473846638.123","search index=""_internal"" | chart count(status) by method,status",testingserver,"1473846638.993898",0,177454,1473846639,4,177454,completed,"1.864000",search2,,,,,,,,,,,,,,,,
"admin__admin__search__search3_1473846638.124","search index=""_internal"" (log_level=ERROR OR log_level=WARN) | table sourcetype message log_level |chart count by sourcetype,message",testingserver,"1473846639.000120",0,160,1473846639,2,880,completed,"0.380000",search3,,,,,,,,,,,,,,,,
"admin__admin__search__search2_1473848323.4","search index=""_internal"" | chart count(status) by method,status",testingserver,"1473848323.843202",0,182555,1473848323,4,182555,completed,"1.772000",search2,,,,,,,,,,,,,,,,
"admin__admin__search__search1_1473848323.5","search index=""_internal"" sourcetype=splunkd_access | stats count by status",testingserver,"1473848323.852112",0,1680,1473848324,4,1680,completed,"0.478000",search1,,,,,,,,,,,,,,,,
"admin__admin__search__search3_1473848323.6","search index=""_internal"" (log_level=ERROR OR log_level=WARN) | table sourcetype message log_level |chart count by sourcetype,message",testingserver,"1473848323.870908",0,176,1473848324,2,908,completed,"0.388000",search3,,,,,,,,,,,,,,,,
"admin__admin__search__search2_1473848387.7","search index=""_internal"" | chart count(status) by method,status",testingserver,"1473848387.154873",0,182779,1473848387,4,182779,completed,"2.177000",search2,,,,,,,,,,,,,,,,
"admin__admin__search__search1_1473848387.8","search index=""_internal"" sourcetype=splunkd_access | stats count by status",testingserver,"1473848387.195866",0,1699,1473848387,4,1699,completed,"0.663000",search1,,,,,,,,,,,,,,,,
"admin__admin__search__search3_1473848387.9","search index=""_internal"" (log_level=ERROR OR log_level=WARN) | table sourcetype message log_level |chart count by sourcetype,message",testingserver,"1473848387.209552",0,176,1473848387,2,908,completed,"0.584000",search3,,,,,,,,,,,,,,,,
"admin__admin__search__search1_1473896237.3","search index=""_internal"" sourcetype=splunkd_access | stats count by status",testingserver,"1473896237.642966",0,1720,1473896237,4,1720,completed,"0.996000",search1,,,,,,,,,,,,,,,,
"admin__admin__search__search2_1473896237.5","search index=""_internal"" | chart count(status) by method,status",testingserver,"1473896237.654861",0,,,,,failed,,search2,,,,,,,,,,,,,,,,
"rt_1473983930.3","| metadata type=sourcetypes | search totalCount > 0",testingserver,"1473983930.591479",1,0,1473983930,0,0,canceled,"34.153000",,,,,,,,,,,,,,,,,
"rt_1473983936.4","| metadata type=sourcetypes | search totalCount > 0",testingserver,"1473983936.177508",1,0,1473983936,0,0,canceled,"663.917000",,,,,,,,,,,,,,,,,
"1473984600.5","search index=""_internal"" sourcetype=splunkd_access | stats count by status",testingserver,"1473984600.176256",0,2882,1473984600,4,2882,completed,"0.606000",,,,,,,,,,,,,,,,,
"admin__admin__search__search1_1473984625.6","search index=""_internal"" sourcetype=splunkd_access | stats count by status",testingserver,"1473984625.128097",0,2884,1473984625,4,2884,completed,"0.207000",search1,,,,,,,,,,,,,,,,
"rt_1473984688.7","| metadata type=sourcetypes | search totalCount > 0",testingserver,"1473984688.525049",1,0,1473984688,0,0,canceled,"33.063000",,,,,,,,,,,,,,,,,
"admin__admin__search__search1_1473984694.8","search index=""_internal"" sourcetype=splunkd_access | stats count by status",testingserver,"1473984694.238556",0,2901,1473984694,4,2901,completed,"0.260000",search1,,,,,,,,,,,,,,,,
"1473984824.9","search index=""_internal"" | chart count(status) by method,status",testingserver,"1473984824.540319",0,254297,1473984824,4,254297,completed,"2.538000",,,,,,,,,,,,,,,,,
"admin__admin__search__search2_1473984863.10","search index=""_internal"" | chart count(status) by method,status",testingserver,"1473984863.660158",0,254411,1473984863,4,254411,completed,"2.214000",search2,,,,,,,,,,,,,,,,
"admin__admin__search__search1_1473984863.11","search index=""_internal"" sourcetype=splunkd_access | stats count by status",testingserver,"1473984863.710855",0,2924,1473984863,4,2924,completed,"0.385000",search1,,,,,,,,,,,,,,,,
"admin__admin__search__search1_1473984871.12","search index=""_internal"" sourcetype=splunkd_access | stats count by status",testingserver,"1473984871.663779",0,2935,1473984871,4,2935,completed,"0.371000",search1,,,,,,,,,,,,,,,,
"admin__admin__search__search2_1473984871.13","search index=""_internal"" | chart count(status) by method,status",testingserver,"1473984871.668928",0,254463,1473984871,4,254463,completed,"2.200000",search2,,,,,,,,,,,,,,,,
"rt_1473985053.15","| metadata type=sourcetypes | search totalCount > 0",testingserver,"1473985053.568637",1,,,,,,,,,,,,,,,,,,,,,,,
"admin__admin__search__search1_1473985061.16","search index=""_internal"" sourcetype=splunkd_access | stats count by status",testingserver,"1473985061.204128",0,2986,1473985061,4,2986,completed,"0.954000",search1,,,,,,,,,,,,,,,,
"admin__admin__search__search2_1473985061.17","search index=""_internal"" | chart count(status) by method,status",testingserver,"1473985061.208539",0,255091,1473985061,4,255091,completed,"2.418000",search2,,,,,,,,,,,,,,,,
"1473985106.18","search index=""_internal"" (log_level=ERROR OR log_level=WARN) | table sourcetype message log_level |chart count by sourcetype,message",testingserver,"1473985106.544702",0,293,1473985106,2,1458,completed,"0.293000",,,,,,,,,,,,,,,,,
"admin__admin__search__search1_1473985127.19","search index=""_internal"" sourcetype=splunkd_access | stats count by status",testingserver,"1473985127.655969",0,3010,1473985127,4,3010,completed,"0.707000",search1,,,,,,,,,,,,,,,,
"admin__admin__search__search2_1473985127.20","search index=""_internal"" | chart count(status) by method,status",testingserver,"1473985127.668161",0,255399,1473985127,4,255399,completed,"3.329000",search2,,,,,,,,,,,,,,,,
"admin__admin__search__search3_1473985127.21","search index=""_internal"" (log_level=ERROR OR log_level=WARN) | table sourcetype message log_level |chart count by sourcetype,message",testingserver,"1473985127.695247",0,293,1473985127,2,1480,completed,"0.529000",search3,,,,,,,,,,,,,,,,
"admin__admin__search__search2_1473985136.22","search index=""_internal"" | chart count(status) by method,status",testingserver,"1473985136.663450",0,255520,1473985136,4,255520,completed,"2.582000",search2,,,,,,,,,,,,,,,,
"admin__admin__search__search1_1473985136.23","search index=""_internal"" sourcetype=splunkd_access | stats count by status",testingserver,"1473985136.704953",0,3023,1473985136,4,3023,completed,"0.483000",search1,,,,,,,,,,,,,,,,
"admin__admin__search__search3_1473985136.24","search index=""_internal"" (log_level=ERROR OR log_level=WARN) | table sourcetype message log_level |chart count by sourcetype,message",testingserver,"1473985136.720608",0,293,1473985136,2,1481,completed,"0.449000",search3,,,,,,,,,,,,,,,,
"rt_1473989054.3","| metadata type=sourcetypes | search totalCount > 0",testingserver,"1473989054.085104",1,0,1473989054,0,0,canceled,"45.115000",,,,,,,,,,,,,,,,,
"admin__admin__search__search2_1473989072.4","search index=""_internal"" | chart count(status) by method,status",testingserver,"1473989072.153297",0,270038,1473989072,4,270038,completed,"2.728000",search2,,,,,,,,,,,,,,,,
"admin__admin__search__search1_1473989072.5","search index=""_internal"" sourcetype=splunkd_access | stats count by status",testingserver,"1473989072.180515",0,3469,1473989072,4,3469,completed,"0.548000",search1,,,,,,,,,,,,,,,,
"admin__admin__search__search3_1473989072.6","search index=""_internal"" (log_level=ERROR OR log_level=WARN) | table sourcetype message log_level |chart count by sourcetype,message",testingserver,"1473989072.210262",0,343,1473989072,2,1629,completed,"0.512000",search3,,,,,,,,,,,,,,,,
"1473989082.7","search index=""_internal"" (log_level=ERROR OR log_level=WARN) | table sourcetype component log_level | chart count by sourcetype,component",testingserver,"1473989082.955243",0,343,1473989083,2,1662,completed,"0.382000",,,,,,,,,,,,,,,,,
"admin__admin__search__search1_1473989117.8","search index=""_internal"" sourcetype=splunkd_access | stats count by status",testingserver,"1473989117.945818",0,3484,1473989118,4,3484,completed,"0.817000",search1,,,,,,,,,,,,,,,,
"admin__admin__search__search3_1473989117.9","search index=""_internal"" (log_level=ERROR OR log_level=WARN) | table sourcetype message log_level |chart count by sourcetype,message",testingserver,"1473989117.968346",0,343,1473989118,2,1690,completed,"0.605000",search3,,,,,,,,,,,,,,,,
"admin__admin__search__search2_1473989117.10","search index=""_internal"" | chart count(status) by method,status",testingserver,"1473989117.972506",0,270243,1473989118,4,270243,completed,"2.626000",search2,,,,,,,,,,,,,,,,
"admin__admin__search__search4_1473989117.11","search index=""_internal"" (log_level=ERROR OR log_level=WARN) | table sourcetype component log_level | chart count by sourcetype,component",testingserver,"1473989117.982343",0,343,1473989118,2,1690,completed,"0.624000",search4,,,,,,,,,,,,,,,,
"rt_1474328017.3","| metadata type=sourcetypes | search totalCount > 0",testingserver,"1474328017.276508",1,0,1474328017,0,0,canceled,"39.097000",,,,,,,,,,,,,,,,,
"admin__admin__search__search3_1474328031.4","search index=""_internal"" (log_level=ERROR OR log_level=WARN) | table sourcetype message log_level |chart count by sourcetype,message",testingserver,"1474328031.955712",0,372,1474328032,2,1742,completed,"1.611000",search3,,,,,,,,,,,,,,,,
"admin__admin__search__search2_1474328031.5","search index=""_internal"" | chart count(status) by method,status",testingserver,"1474328031.966405",0,290569,1474328032,4,290569,completed,"3.276000",search2,,,,,,,,,,,,,,,,
"admin__admin__search__search1_1474328031.6","search index=""_internal"" sourcetype=splunkd_access | stats count by status",testingserver,"1474328031.976008",0,3651,1474328032,4,3651,completed,"1.711000",search1,,,,,,,,,,,,,,,,
"admin__admin__search__search4_1474328032.7","search index=""_internal"" (log_level=ERROR OR log_level=WARN) | table sourcetype component log_level | chart count by sourcetype,component",testingserver,"1474328032.009779",0,372,1474328032,2,1742,completed,"1.564000",search4,,,,,,,,,,,,,,,,
"rt_1474328054.8","| metadata type=sourcetypes | search totalCount > 0",testingserver,"1474328054.983743",1,0,1474328055,0,0,canceled,"32.069000",,,,,,,,,,,,,,,,,
"rt_1474328071.9","| metadata type=sourcetypes | search totalCount > 0",testingserver,"1474328071.887616",1,0,1474328071,0,0,canceled,"35.051000",,,,,,,,,,,,,,,,,
"rt_1474586714.2","| metadata type=sourcetypes | search totalCount > 0",testingserver,"1474586714.124741",1,0,1474586714,0,0,canceled,"40.025000",,,,,,,,,,,,,,,,,
"rt_1474586719.3","| metadata type=sourcetypes | search totalCount > 0",testingserver,"1474586719.800121",1,0,1474586719,0,0,canceled,"80.038000",,,,,,,,,,,,,,,,,
"rt_1474624234.2","| metadata type=sourcetypes | search totalCount > 0",testingserver,"1474624234.069292",1,0,1474624234,0,0,canceled,"35.185000",,,,,,,,,,,,,,,,,
"rt_1474624242.3","| metadata type=sourcetypes | search totalCount > 0",testingserver,"1474624242.163884",1,0,1474624242,0,0,canceled,"34.128000",,,,,,,,,,,,,,,,,
"rt_1474932940.4","| metadata type=sourcetypes | search totalCount > 0",testingserver,"1474932940.887986",1,0,1474932940,0,0,canceled,"39.065000",,,,,,,,,,,,,,,,,
"rt_1474932946.5","| metadata type=sourcetypes | search totalCount > 0",testingserver,"1474932946.660739",1,0,1474932946,0,0,canceled,"35.080000",,,,,,,,,,,,,,,,,
